{
  "auc_h0": 0.99428672812914,
  "accuracy_h0": 0.9970464614336022,
  "auc_all": [
    0.99428672812914,
    0.9916779186785022,
    0.989563914718057,
    0.9856774505287158
  ],
  "acc_all": [
    0.9970464614336022,
    0.9967511075769624,
    0.9820061342724071,
    0.9821424514370101
  ],
  "auc_mean": 0.9903015030136038
}