{
  "label_to_idx": {
    "0": 0,
    "1": 1,
    "2": 2,
    "5": 3
  },
  "idx_to_label": {
    "0": 0,
    "1": 1,
    "2": 2,
    "3": 5
  },
  "n_classes": 4,
  "metrics": {
    "accuracy": 0.9056322099072608,
    "balanced_acc": 0.9503396990936837,
    "macro_f1": 0.9360944501274278,
    "auc_macro_ovr": 0.990827019116149
  }
}